"hop","obs_frac_netpos","null_mean","p"
"hop2",0.5493,0.5301,0.460769615192404
"hop3",0.4852,0.5103,0.00599700149925037
