"cell","positive","negative","net","total"
"Treg",0.08681,0.05553,0.03128,0.14234
"NK",0.03,0,0.03,0.03
"DC",0.03,0,0.03,0.03
"CD8",0.21377,0.1874,0.02637,0.40117
"Tumor",0.2005,0.196,0.0045,0.39649
