"stat","median_NR","median_R","direction","p","p_adj"
"cd8_supp_frac",0.5177,0.4954,"NR>R",0.917329830460362,0.917329830460362
"treg_cd8_frac",0.071,0.08,"NR<R",0.347770261045881,0.555197128858685
"cd8_net",0.0211,0.0232,"NR<R",0.416397846644014,0.555197128858685
"treg_supp_out",0.644,0.6336,"NR>R",0.306130715377705,0.555197128858685
